PER3BCLOCK3111GGCC,PER3BCLOCK3111GGTC,PER3BCLOCK3111AATC,PER3BCLOCK3111AGTT,PER3BCLOCK3111AGTC,BDI
0.0,0.0,0.0,0.0,1.0,1
0.0,0.0,0.0,0.0,0.0,0
1.0,0.0,0.0,0.0,0.0,0
0.0,0.0,0.0,0.0,0.0,1
0.0,1.0,0.0,0.0,0.0,0
0.0,1.0,0.0,0.0,0.0,0
0.0,0.0,0.0,1.0,0.0,0
0.0,1.0,0.0,0.0,0.0,1
0.0,0.0,0.0,0.0,0.0,0
0.0,1.0,0.0,0.0,0.0,0
0.0,0.0,0.0,0.0,0.0,0
0.0,0.0,0.0,0.0,0.0,0
0.0,1.0,0.0,0.0,0.0,0
0.0,1.0,0.0,0.0,0.0,0
1.0,0.0,0.0,0.0,0.0,1
0.0,0.0,0.0,1.0,0.0,1
0.0,0.0,0.0,1.0,0.0,0
0.0,0.0,0.0,0.0,0.0,1
0.0,1.0,0.0,0.0,0.0,1
0.0,0.0,0.0,0.0,1.0,0
0.0,0.0,0.0,0.0,0.0,1
0.0,0.0,0.0,0.0,0.0,0
0.0,1.0,0.0,0.0,0.0,0
0.0,1.0,0.0,0.0,0.0,1
0.0,0.0,0.0,0.0,0.0,1
0.0,0.0,0.0,0.0,0.0,1
0.0,0.0,0.0,0.0,0.0,0
0.0,0.0,0.0,0.0,0.0,0
0.0,1.0,0.0,0.0,0.0,0
1.0,0.0,0.0,0.0,0.0,0
0.0,1.0,0.0,0.0,0.0,0
0.0,1.0,0.0,0.0,0.0,0
0.0,1.0,0.0,0.0,0.0,1
0.0,0.0,0.0,0.0,0.0,0
0.0,0.0,0.0,0.0,0.0,0
0.0,0.0,0.0,0.0,0.0,0
0.0,0.0,0.0,0.0,0.0,0
0.0,0.0,0.0,0.0,1.0,0
0.0,1.0,0.0,0.0,0.0,0
0.0,1.0,0.0,0.0,0.0,0
0.0,1.0,0.0,0.0,0.0,1
0.0,1.0,0.0,0.0,0.0,0
0.0,0.0,0.0,0.0,0.0,0
0.0,0.0,0.0,0.0,0.0,0
0.0,1.0,0.0,0.0,0.0,0
1.0,0.0,0.0,0.0,0.0,0
0.0,1.0,0.0,0.0,0.0,1
0.0,1.0,0.0,0.0,0.0,0
0.0,0.0,0.0,0.0,0.0,0
0.0,0.0,0.0,0.0,0.0,1
1.0,0.0,0.0,0.0,0.0,1
0.0,1.0,0.0,0.0,0.0,0
0.0,0.0,0.0,0.0,0.0,1
0.0,0.0,0.0,0.0,1.0,0
0.0,1.0,0.0,0.0,0.0,0
1.0,0.0,0.0,0.0,0.0,1
0.0,0.0,0.0,0.0,0.0,1
0.0,1.0,0.0,0.0,0.0,0
0.0,1.0,0.0,0.0,0.0,0
0.0,0.0,0.0,0.0,1.0,1
0.0,0.0,0.0,0.0,0.0,0
0.0,0.0,0.0,0.0,0.0,0
0.0,0.0,0.0,0.0,0.0,0
0.0,0.0,0.0,0.0,0.0,1
0.0,0.0,0.0,0.0,0.0,0
0.0,1.0,0.0,0.0,0.0,1
0.0,0.0,0.0,0.0,0.0,0
0.0,0.0,0.0,0.0,0.0,1
0.0,0.0,0.0,1.0,0.0,1
0.0,0.0,0.0,0.0,0.0,0
0.0,0.0,0.0,0.0,0.0,0
0.0,0.0,0.0,0.0,0.0,1
0.0,0.0,0.0,0.0,0.0,0
1.0,0.0,0.0,0.0,0.0,1
0.0,0.0,0.0,0.0,0.0,1
0.0,0.0,0.0,0.0,0.0,1
0.0,0.0,0.0,0.0,0.0,0
0.0,1.0,0.0,0.0,0.0,1
0.0,0.0,0.0,0.0,0.0,1
0.0,1.0,0.0,0.0,0.0,0
0.0,1.0,0.0,0.0,0.0,0
0.0,0.0,0.0,0.0,0.0,0
0.0,0.0,0.0,0.0,0.0,1
0.0,0.0,0.0,0.0,0.0,1
1.0,0.0,0.0,0.0,0.0,1
0.0,0.0,0.0,0.0,0.0,0
0.0,0.0,0.0,1.0,0.0,0
0.0,1.0,0.0,0.0,0.0,1
0.0,0.0,0.0,0.0,0.0,1
0.0,0.0,0.0,0.0,0.0,0
0.0,1.0,0.0,0.0,0.0,1
0.0,0.0,0.0,1.0,0.0,1
0.0,0.0,0.0,0.0,1.0,0
1.0,0.0,0.0,0.0,0.0,0
0.0,0.0,0.0,1.0,0.0,0
0.0,1.0,0.0,0.0,0.0,0
0.0,0.0,0.0,0.0,0.0,1
0.0,0.0,0.0,1.0,0.0,0
0.0,0.0,1.0,0.0,0.0,0
0.0,0.0,0.0,1.0,0.0,0
0.0,0.0,0.0,0.0,0.0,0
0.0,1.0,0.0,0.0,0.0,1
0.0,0.0,0.0,0.0,0.0,0
0.0,0.0,0.0,0.0,0.0,0
0.0,0.0,0.0,0.0,0.0,0
1.0,0.0,0.0,0.0,0.0,0
0.0,1.0,0.0,0.0,0.0,0
0.0,1.0,0.0,0.0,0.0,0
0.0,0.0,0.0,0.0,0.0,0
1.0,0.0,0.0,0.0,0.0,0
1.0,0.0,0.0,0.0,0.0,1
1.0,0.0,0.0,0.0,0.0,0
0.0,1.0,0.0,0.0,0.0,1
0.0,1.0,0.0,0.0,0.0,1
0.0,0.0,0.0,0.0,0.0,1
0.0,0.0,0.0,0.0,0.0,0
1.0,0.0,0.0,0.0,0.0,0
0.0,0.0,0.0,1.0,0.0,1
0.0,0.0,0.0,0.0,0.0,0
0.0,0.0,0.0,0.0,0.0,0
0.0,0.0,0.0,0.0,0.0,0
0.0,0.0,0.0,0.0,0.0,1
0.0,0.0,0.0,1.0,0.0,0
0.0,1.0,0.0,0.0,0.0,0
0.0,0.0,0.0,0.0,0.0,0
0.0,0.0,0.0,0.0,0.0,1
0.0,0.0,0.0,0.0,0.0,1
0.0,0.0,0.0,0.0,0.0,0
0.0,0.0,0.0,0.0,0.0,0
0.0,1.0,0.0,0.0,0.0,0
0.0,1.0,0.0,0.0,0.0,1
0.0,0.0,0.0,0.0,0.0,1
1.0,0.0,0.0,0.0,0.0,1
0.0,0.0,0.0,0.0,0.0,1
0.0,1.0,0.0,0.0,0.0,0
0.0,1.0,0.0,0.0,0.0,0
0.0,1.0,0.0,0.0,0.0,1
0.0,0.0,0.0,0.0,0.0,0
0.0,0.0,0.0,1.0,0.0,1
0.0,0.0,0.0,0.0,0.0,0
0.0,0.0,0.0,1.0,0.0,1
0.0,1.0,0.0,0.0,0.0,0
0.0,1.0,0.0,0.0,0.0,1
0.0,0.0,0.0,0.0,0.0,1
0.0,0.0,0.0,0.0,0.0,0
0.0,1.0,0.0,0.0,0.0,0
1.0,0.0,0.0,0.0,0.0,1
0.0,0.0,0.0,0.0,0.0,1
0.0,0.0,0.0,0.0,0.0,0
0.0,1.0,0.0,0.0,0.0,1
0.0,0.0,0.0,1.0,0.0,1
0.0,0.0,0.0,0.0,1.0,0
0.0,1.0,0.0,0.0,0.0,0
0.0,0.0,0.0,0.0,1.0,0
0.0,1.0,0.0,0.0,0.0,1
0.0,0.0,0.0,0.0,0.0,0
0.0,1.0,0.0,0.0,0.0,1
0.0,0.0,0.0,0.0,0.0,1
0.0,0.0,0.0,0.0,0.0,0
0.0,1.0,0.0,0.0,0.0,0
0.0,0.0,0.0,0.0,0.0,1
0.0,0.0,0.0,0.0,0.0,1
0.0,0.0,0.0,0.0,0.0,0
0.0,0.0,0.0,0.0,0.0,0
0.0,0.0,0.0,0.0,0.0,0
0.0,1.0,0.0,0.0,0.0,0
0.0,1.0,0.0,0.0,0.0,1
0.0,1.0,0.0,0.0,0.0,0
0.0,0.0,0.0,0.0,0.0,1
0.0,0.0,0.0,1.0,0.0,1
0.0,0.0,0.0,0.0,0.0,1
0.0,0.0,0.0,0.0,0.0,0
0.0,0.0,0.0,0.0,0.0,0
0.0,0.0,0.0,0.0,0.0,0
0.0,1.0,0.0,0.0,0.0,0
1.0,0.0,0.0,0.0,0.0,0
1.0,0.0,0.0,0.0,0.0,0
