GENDER,PER3CCRY1GGCC,PER3CVNTRGTBB,CRY1CRY2GGGG,PER3AGG,SOCIO,CLOCK3111VNTRTCAA,PER3APER3CCGTT,PER3CVNTRGTAB,PER2PER3BAGAA,BDI
0,0.0,0.0,0.0,0.0,0.05539431843457622,0.0,0.0,1.0,0.0,0
0,0.0,0.0,0.0,0.0,0.07385909124610163,0.0,0.0,0.0,0.0,1
1,0.0,0.0,0.0,0.0,0.03692954562305081,0.0,0.0,1.0,0.0,0
0,0.0,0.0,0.0,0.0,0.05539431843457622,0.0,0.0,0.0,0.0,0
1,0.0,0.0,0.0,0.0,0.05539431843457622,0.0,0.0,1.0,0.0,0
1,0.0,0.0,0.0,0.0,0.05539431843457622,1.0,0.0,0.0,0.0,0
0,0.0,0.0,0.0,0.0,0.05539431843457622,0.0,1.0,0.0,0.0,0
0,0.0,0.0,0.0,0.0,0.07385909124610163,0.0,0.0,0.0,0.0,1
0,0.0,0.0,0.0,0.0,0.07385909124610163,1.0,0.0,0.0,0.0,0
1,0.0,0.0,0.0,0.0,0.07385909124610163,1.0,0.0,0.0,0.0,0
0,0.0,0.0,0.0,0.0,0.05539431843457622,0.0,0.0,0.0,0.0,0
0,0.0,0.0,0.0,0.0,0.05539431843457622,0.0,0.0,0.0,0.0,0
1,0.0,0.0,0.0,0.0,0.05539431843457622,0.0,0.0,1.0,0.0,1
0,0.0,0.0,0.0,0.0,0.03692954562305081,0.0,0.0,0.0,0.0,1
1,0.0,0.0,0.0,0.0,0.07385909124610163,0.0,0.0,0.0,0.0,0
0,0.0,0.0,0.0,0.0,0.05539431843457622,0.0,0.0,0.0,0.0,0
0,0.0,0.0,0.0,0.0,0.05539431843457622,0.0,0.0,0.0,0.0,0
1,0.0,0.0,0.0,0.0,0.07385909124610163,0.0,0.0,0.0,0.0,0
0,0.0,0.0,0.0,0.0,0.05539431843457622,0.0,0.0,0.0,0.0,0
0,0.0,0.0,0.0,0.0,0.07385909124610163,0.0,0.0,0.0,0.0,1
0,0.0,0.0,0.0,0.0,0.05539431843457622,0.0,0.0,0.0,0.0,0
0,0.0,0.0,0.0,0.0,0.07385909124610163,1.0,0.0,0.0,0.0,0
1,0.0,0.0,0.0,0.0,0.05539431843457622,0.0,0.0,1.0,0.0,0
1,0.0,0.0,0.0,0.0,0.05539431843457622,0.0,1.0,0.0,0.0,0
0,0.0,0.0,0.0,0.0,0.05539431843457622,0.0,0.0,0.0,0.0,0
0,0.0,0.0,0.0,0.0,0.07385909124610163,0.0,0.0,0.0,0.0,1
0,0.0,0.0,0.0,0.0,0.03692954562305081,0.0,0.0,0.0,0.0,1
0,0.0,0.0,0.0,0.0,0.05539431843457622,0.0,0.0,0.0,0.0,0
1,0.0,0.0,0.0,0.0,0.05539431843457622,0.0,0.0,0.0,0.0,0
0,0.0,0.0,0.0,0.0,0.05539431843457622,0.0,0.0,0.0,0.0,1
0,0.0,0.0,0.0,0.0,0.05539431843457622,0.0,0.0,0.0,0.0,1
0,0.0,0.0,0.0,0.0,0.03692954562305081,0.0,0.0,0.0,0.0,0
0,0.0,0.0,0.0,0.0,0.05539431843457622,0.0,0.0,0.0,0.0,0
1,0.0,0.0,0.0,0.0,0.05539431843457622,0.0,0.0,0.0,0.0,0
0,0.0,0.0,0.0,0.0,0.07385909124610163,0.0,0.0,0.0,0.0,1
0,0.0,0.0,0.0,0.0,0.05539431843457622,0.0,0.0,0.0,0.0,0
1,1.0,0.0,0.0,0.0,0.05539431843457622,0.0,0.0,0.0,0.0,0
0,0.0,0.0,0.0,0.0,0.05539431843457622,0.0,0.0,0.0,0.0,0
0,0.0,0.0,0.0,0.0,0.07385909124610163,0.0,0.0,0.0,0.0,0
0,0.0,0.0,1.0,0.0,0.05539431843457622,0.0,1.0,0.0,0.0,0
0,0.0,0.0,0.0,0.0,0.07385909124610163,0.0,0.0,0.0,0.0,1
0,0.0,0.0,0.0,0.0,0.05539431843457622,0.0,0.0,0.0,0.0,1
0,0.0,0.0,0.0,0.0,0.03692954562305081,0.0,0.0,0.0,0.0,1
0,0.0,0.0,0.0,0.0,0.05539431843457622,0.0,0.0,0.0,0.0,1
0,0.0,0.0,0.0,0.0,0.07385909124610163,0.0,0.0,0.0,0.0,0
0,0.0,0.0,0.0,0.0,0.05539431843457622,0.0,0.0,0.0,0.0,0
0,0.0,0.0,0.0,0.0,0.07385909124610163,0.0,0.0,0.0,0.0,0
0,0.0,0.0,0.0,0.0,0.03692954562305081,0.0,0.0,1.0,0.0,0
0,0.0,0.0,0.0,0.0,0.07385909124610163,0.0,0.0,1.0,0.0,0
0,0.0,0.0,1.0,0.0,0.07385909124610163,0.0,0.0,0.0,0.0,0
0,0.0,0.0,0.0,0.0,0.07385909124610163,0.0,0.0,1.0,0.0,0
1,0.0,0.0,0.0,0.0,0.05539431843457622,0.0,0.0,0.0,0.0,0
0,0.0,0.0,0.0,0.0,0.05539431843457622,0.0,0.0,0.0,0.0,1
0,0.0,0.0,0.0,0.0,0.07385909124610163,0.0,0.0,0.0,0.0,0
0,0.0,0.0,0.0,0.0,0.05539431843457622,0.0,0.0,0.0,0.0,0
0,0.0,0.0,0.0,0.0,0.05539431843457622,1.0,0.0,0.0,0.0,0
0,0.0,0.0,0.0,0.0,0.05539431843457622,0.0,0.0,0.0,0.0,0
0,0.0,0.0,0.0,0.0,0.03692954562305081,0.0,0.0,0.0,0.0,0
0,0.0,0.0,0.0,0.0,0.07385909124610163,0.0,0.0,0.0,0.0,0
0,0.0,0.0,0.0,0.0,0.05539431843457622,0.0,0.0,0.0,0.0,0
0,0.0,0.0,0.0,0.0,0.07385909124610163,0.0,0.0,0.0,0.0,0
1,0.0,0.0,0.0,0.0,0.05539431843457622,1.0,0.0,0.0,0.0,0
0,0.0,0.0,0.0,0.0,0.05539431843457622,0.0,0.0,0.0,0.0,1
1,0.0,0.0,1.0,0.0,0.05539431843457622,0.0,0.0,0.0,0.0,0
0,0.0,0.0,0.0,0.0,0.07385909124610163,1.0,0.0,0.0,0.0,0
0,0.0,0.0,0.0,0.0,0.05539431843457622,0.0,0.0,0.0,0.0,0
0,0.0,0.0,0.0,0.0,0.03692954562305081,0.0,0.0,0.0,0.0,0
0,0.0,0.0,0.0,0.0,0.05539431843457622,0.0,0.0,0.0,0.0,0
0,0.0,0.0,0.0,0.0,0.07385909124610163,0.0,0.0,0.0,0.0,0
0,0.0,0.0,0.0,0.0,0.05539431843457622,0.0,0.0,1.0,0.0,0
0,0.0,0.0,0.0,0.0,0.05539431843457622,0.0,0.0,0.0,0.0,1
0,0.0,0.0,1.0,0.0,0.07385909124610163,0.0,1.0,0.0,0.0,0
0,0.0,0.0,0.0,0.0,0.05539431843457622,0.0,0.0,0.0,0.0,0
0,0.0,0.0,0.0,0.0,0.05539431843457622,0.0,0.0,0.0,0.0,0
0,0.0,0.0,0.0,0.0,0.05539431843457622,0.0,0.0,0.0,0.0,1
0,0.0,0.0,0.0,0.0,0.07385909124610163,0.0,0.0,0.0,0.0,1
0,0.0,0.0,0.0,0.0,0.07385909124610163,1.0,1.0,0.0,0.0,0
1,0.0,0.0,0.0,0.0,0.05539431843457622,0.0,0.0,0.0,0.0,0
1,0.0,0.0,1.0,0.0,0.05539431843457622,0.0,0.0,0.0,0.0,0
0,0.0,0.0,0.0,0.0,0.03692954562305081,0.0,0.0,0.0,0.0,1
0,0.0,0.0,0.0,0.0,0.05539431843457622,1.0,0.0,0.0,0.0,0
0,0.0,0.0,0.0,0.0,0.05539431843457622,1.0,0.0,0.0,0.0,0
0,0.0,0.0,0.0,0.0,0.05539431843457622,1.0,1.0,0.0,0.0,0
0,0.0,0.0,0.0,0.0,0.07385909124610163,0.0,0.0,0.0,0.0,1
0,0.0,0.0,0.0,0.0,0.03692954562305081,0.0,0.0,0.0,0.0,1
0,0.0,0.0,0.0,0.0,0.07385909124610163,1.0,0.0,0.0,0.0,0
1,0.0,0.0,0.0,0.0,0.05539431843457622,0.0,0.0,1.0,0.0,0
1,0.0,0.0,0.0,0.0,0.05539431843457622,0.0,0.0,0.0,0.0,0
1,0.0,0.0,0.0,0.0,0.05539431843457622,0.0,0.0,0.0,0.0,1
1,0.0,0.0,0.0,0.0,0.05539431843457622,1.0,0.0,0.0,0.0,1
0,0.0,0.0,0.0,0.0,0.05539431843457622,0.0,0.0,0.0,0.0,0
0,0.0,0.0,1.0,0.0,0.05539431843457622,1.0,0.0,0.0,0.0,0
1,0.0,0.0,0.0,0.0,0.05539431843457622,0.0,0.0,0.0,0.0,0
0,0.0,0.0,0.0,0.0,0.05539431843457622,1.0,0.0,0.0,0.0,1
1,0.0,0.0,0.0,0.0,0.05539431843457622,0.0,0.0,0.0,0.0,0
1,0.0,0.0,0.0,0.0,0.05539431843457622,0.0,0.0,0.0,0.0,0
0,0.0,0.0,0.0,0.0,0.07385909124610163,0.0,0.0,1.0,0.0,0
0,0.0,0.0,1.0,0.0,0.07385909124610163,1.0,0.0,0.0,0.0,0
0,0.0,0.0,0.0,0.0,0.05539431843457622,0.0,0.0,0.0,0.0,0
0,0.0,0.0,0.0,0.0,0.03692954562305081,0.0,0.0,0.0,0.0,0
0,0.0,0.0,0.0,0.0,0.05539431843457622,0.0,0.0,1.0,0.0,1
0,0.0,0.0,0.0,0.0,0.05539431843457622,0.0,0.0,0.0,0.0,0
1,0.0,0.0,0.0,0.0,0.05539431843457622,0.0,0.0,1.0,0.0,0
0,0.0,0.0,0.0,0.0,0.03692954562305081,0.0,0.0,0.0,0.0,0
0,0.0,0.0,0.0,0.0,0.05539431843457622,0.0,0.0,0.0,0.0,1
0,0.0,0.0,0.0,1.0,0.05539431843457622,0.0,0.0,0.0,0.0,0
0,0.0,0.0,1.0,0.0,0.03692954562305081,1.0,0.0,0.0,0.0,0
1,0.0,0.0,0.0,0.0,0.05539431843457622,1.0,0.0,0.0,0.0,1
1,0.0,0.0,0.0,0.0,0.03692954562305081,0.0,0.0,1.0,0.0,0
0,0.0,0.0,0.0,0.0,0.03692954562305081,0.0,0.0,0.0,0.0,1
0,0.0,0.0,0.0,0.0,0.03692954562305081,0.0,0.0,0.0,0.0,1
1,0.0,0.0,0.0,0.0,0.05539431843457622,0.0,0.0,0.0,0.0,1
0,1.0,0.0,0.0,0.0,0.05539431843457622,0.0,0.0,0.0,0.0,0
0,0.0,0.0,0.0,0.0,0.07385909124610163,0.0,0.0,0.0,0.0,0
0,0.0,0.0,0.0,0.0,0.07385909124610163,0.0,0.0,0.0,0.0,1
0,0.0,1.0,0.0,0.0,0.05539431843457622,0.0,0.0,0.0,0.0,1
0,0.0,0.0,0.0,0.0,0.05539431843457622,0.0,0.0,0.0,0.0,0
1,0.0,1.0,0.0,0.0,0.03692954562305081,0.0,0.0,0.0,0.0,0
0,0.0,0.0,0.0,0.0,0.05539431843457622,0.0,0.0,0.0,0.0,1
0,0.0,1.0,0.0,0.0,0.07385909124610163,0.0,0.0,0.0,0.0,1
0,0.0,0.0,0.0,0.0,0.03692954562305081,0.0,0.0,0.0,0.0,1
1,0.0,0.0,0.0,0.0,0.05539431843457622,0.0,0.0,0.0,0.0,0
0,0.0,0.0,0.0,0.0,0.05539431843457622,0.0,0.0,0.0,0.0,0
0,0.0,1.0,0.0,0.0,0.05539431843457622,0.0,0.0,0.0,0.0,1
0,0.0,1.0,0.0,0.0,0.03692954562305081,0.0,0.0,0.0,0.0,1
0,0.0,0.0,0.0,0.0,0.05539431843457622,0.0,0.0,1.0,0.0,0
0,0.0,0.0,0.0,0.0,0.05539431843457622,0.0,0.0,0.0,0.0,1
0,0.0,0.0,0.0,0.0,0.05539431843457622,0.0,0.0,1.0,0.0,0
0,0.0,0.0,0.0,0.0,0.05539431843457622,0.0,0.0,1.0,0.0,0
0,0.0,0.0,0.0,0.0,0.05539431843457622,0.0,0.0,0.0,0.0,0
1,0.0,0.0,0.0,0.0,0.05539431843457622,0.0,0.0,0.0,0.0,0
0,0.0,0.0,0.0,0.0,0.018464772811525407,0.0,0.0,0.0,0.0,1
0,0.0,0.0,0.0,0.0,0.05539431843457622,0.0,0.0,0.0,0.0,1
0,0.0,0.0,0.0,0.0,0.05539431843457622,0.0,0.0,0.0,0.0,1
0,0.0,0.0,0.0,0.0,0.05539431843457622,0.0,0.0,0.0,0.0,0
0,0.0,0.0,0.0,0.0,0.05539431843457622,0.0,0.0,0.0,0.0,0
0,0.0,0.0,0.0,0.0,0.05539431843457622,0.0,0.0,0.0,0.0,1
0,0.0,0.0,0.0,0.0,0.05539431843457622,0.0,0.0,0.0,0.0,1
0,0.0,0.0,0.0,0.0,0.05539431843457622,0.0,0.0,0.0,0.0,1
0,0.0,0.0,1.0,0.0,0.05539431843457622,1.0,0.0,0.0,0.0,0
0,1.0,0.0,0.0,0.0,0.07385909124610163,0.0,0.0,0.0,0.0,0
0,0.0,0.0,0.0,0.0,0.05539431843457622,1.0,0.0,0.0,0.0,1
0,0.0,0.0,0.0,0.0,0.03692954562305081,0.0,0.0,0.0,0.0,1
0,0.0,0.0,0.0,0.0,0.05539431843457622,0.0,0.0,0.0,0.0,0
1,0.0,0.0,1.0,0.0,0.05539431843457622,0.0,0.0,1.0,0.0,0
1,1.0,0.0,0.0,0.0,0.07385909124610163,0.0,0.0,0.0,0.0,0
1,1.0,0.0,0.0,0.0,0.07385909124610163,1.0,0.0,0.0,0.0,0
1,0.0,0.0,0.0,0.0,0.03692954562305081,0.0,0.0,0.0,0.0,0
1,0.0,0.0,0.0,0.0,0.05539431843457622,0.0,0.0,0.0,0.0,0
0,1.0,0.0,0.0,0.0,0.03692954562305081,0.0,0.0,0.0,0.0,0
0,0.0,0.0,0.0,0.0,0.05539431843457622,0.0,0.0,0.0,0.0,0
0,0.0,0.0,0.0,0.0,0.05539431843457622,0.0,0.0,0.0,0.0,0
0,1.0,0.0,0.0,0.0,0.07385909124610163,0.0,0.0,0.0,0.0,0
0,0.0,0.0,1.0,0.0,0.07385909124610163,1.0,0.0,0.0,0.0,0
0,1.0,0.0,0.0,0.0,0.05539431843457622,0.0,0.0,0.0,0.0,1
0,0.0,0.0,1.0,0.0,0.05539431843457622,0.0,0.0,0.0,0.0,0
0,0.0,0.0,1.0,0.0,0.07385909124610163,1.0,0.0,0.0,1.0,0
0,0.0,0.0,0.0,0.0,0.05539431843457622,0.0,0.0,0.0,0.0,0
0,0.0,0.0,0.0,0.0,0.07385909124610163,0.0,0.0,0.0,0.0,0
1,0.0,0.0,0.0,0.0,0.05539431843457622,0.0,0.0,0.0,0.0,1
1,0.0,0.0,0.0,0.0,0.07385909124610163,0.0,0.0,0.0,0.0,0
1,0.0,0.0,0.0,0.0,0.05539431843457622,0.0,0.0,0.0,0.0,1
1,1.0,0.0,0.0,0.0,0.05539431843457622,0.0,0.0,0.0,0.0,0
1,0.0,0.0,0.0,0.0,0.07385909124610163,0.0,0.0,0.0,0.0,0
0,1.0,0.0,0.0,0.0,0.05539431843457622,0.0,0.0,0.0,0.0,0
0,0.0,0.0,0.0,0.0,0.05539431843457622,0.0,0.0,0.0,0.0,0
1,0.0,0.0,0.0,0.0,0.05539431843457622,0.0,0.0,0.0,0.0,0
1,0.0,0.0,0.0,0.0,0.018464772811525407,0.0,0.0,0.0,0.0,0
0,0.0,0.0,0.0,0.0,0.018464772811525407,0.0,0.0,0.0,0.0,1
0,0.0,0.0,0.0,0.0,0.05539431843457622,1.0,0.0,0.0,0.0,0
0,0.0,0.0,0.0,0.0,0.03692954562305081,0.0,0.0,0.0,0.0,1
1,0.0,0.0,0.0,0.0,0.03692954562305081,0.0,0.0,0.0,0.0,0
0,0.0,0.0,0.0,0.0,0.018464772811525407,0.0,0.0,0.0,0.0,1
0,0.0,0.0,0.0,0.0,0.07385909124610163,0.0,0.0,0.0,0.0,0
0,0.0,0.0,0.0,0.0,0.05539431843457622,0.0,0.0,0.0,0.0,0
0,0.0,0.0,0.0,0.0,0.05539431843457622,0.0,0.0,0.0,0.0,0
0,0.0,0.0,0.0,0.0,0.05539431843457622,0.0,0.0,0.0,0.0,1
1,1.0,0.0,0.0,0.0,0.05539431843457622,0.0,0.0,0.0,0.0,0
0,0.0,0.0,1.0,0.0,0.05539431843457622,0.0,0.0,0.0,0.0,0
0,1.0,0.0,0.0,0.0,0.07385909124610163,1.0,0.0,0.0,0.0,0
0,1.0,0.0,0.0,0.0,0.03692954562305081,0.0,0.0,0.0,0.0,0
0,0.0,0.0,0.0,0.0,0.07385909124610163,1.0,0.0,0.0,0.0,0
0,0.0,0.0,0.0,0.0,0.05539431843457622,0.0,0.0,0.0,0.0,0
0,0.0,0.0,0.0,0.0,0.07385909124610163,0.0,0.0,0.0,0.0,0
0,0.0,0.0,0.0,0.0,0.05539431843457622,0.0,0.0,0.0,0.0,1
1,0.0,0.0,0.0,0.0,0.05539431843457622,0.0,0.0,1.0,0.0,0
1,0.0,0.0,0.0,0.0,0.07385909124610163,0.0,0.0,0.0,0.0,0
0,0.0,0.0,0.0,0.0,0.07385909124610163,0.0,0.0,0.0,0.0,0
0,0.0,0.0,0.0,0.0,0.07385909124610163,0.0,0.0,0.0,0.0,1
0,0.0,0.0,0.0,0.0,0.018464772811525407,0.0,0.0,0.0,0.0,1
0,0.0,0.0,0.0,0.0,0.03692954562305081,0.0,0.0,0.0,0.0,1
0,0.0,0.0,0.0,0.0,0.05539431843457622,0.0,0.0,0.0,0.0,0
1,0.0,0.0,0.0,0.0,0.03692954562305081,0.0,0.0,0.0,0.0,0
0,0.0,0.0,0.0,0.0,0.05539431843457622,0.0,0.0,1.0,0.0,0
0,0.0,0.0,1.0,0.0,0.05539431843457622,0.0,0.0,0.0,0.0,1
0,0.0,0.0,0.0,0.0,0.07385909124610163,0.0,0.0,0.0,0.0,0
0,0.0,0.0,0.0,0.0,0.07385909124610163,0.0,0.0,0.0,0.0,0
1,0.0,0.0,0.0,0.0,0.07385909124610163,0.0,0.0,0.0,0.0,1
0,0.0,0.0,0.0,0.0,0.07385909124610163,0.0,1.0,0.0,0.0,0
0,0.0,0.0,0.0,0.0,0.05539431843457622,0.0,0.0,0.0,0.0,1
0,0.0,0.0,0.0,0.0,0.03692954562305081,0.0,0.0,0.0,0.0,0
1,0.0,0.0,0.0,0.0,0.05539431843457622,0.0,0.0,0.0,0.0,0
0,0.0,0.0,0.0,0.0,0.07385909124610163,0.0,0.0,0.0,0.0,0
0,0.0,0.0,0.0,0.0,0.05539431843457622,0.0,0.0,0.0,0.0,0
0,0.0,0.0,0.0,0.0,0.07385909124610163,0.0,0.0,0.0,0.0,1
1,0.0,0.0,1.0,0.0,0.05539431843457622,0.0,0.0,1.0,0.0,0
1,0.0,0.0,0.0,0.0,0.05539431843457622,0.0,0.0,0.0,0.0,1
1,0.0,0.0,0.0,0.0,0.07385909124610163,0.0,1.0,0.0,0.0,0
0,0.0,0.0,0.0,0.0,0.05539431843457622,0.0,0.0,0.0,0.0,1
0,0.0,0.0,0.0,0.0,0.05539431843457622,0.0,0.0,0.0,0.0,0
1,0.0,0.0,0.0,0.0,0.07385909124610163,0.0,0.0,0.0,0.0,0
0,0.0,0.0,0.0,0.0,0.05539431843457622,0.0,0.0,0.0,0.0,0
0,0.0,0.0,0.0,0.0,0.05539431843457622,1.0,0.0,0.0,0.0,0
0,0.0,0.0,0.0,0.0,0.05539431843457622,1.0,0.0,0.0,0.0,1
0,0.0,0.0,0.0,0.0,0.05539431843457622,0.0,0.0,0.0,0.0,1
0,0.0,0.0,0.0,0.0,0.05539431843457622,0.0,0.0,0.0,0.0,1
0,0.0,0.0,0.0,0.0,0.05539431843457622,0.0,0.0,0.0,0.0,1
0,0.0,0.0,0.0,0.0,0.05539431843457622,0.0,0.0,0.0,0.0,0
1,0.0,0.0,1.0,0.0,0.05539431843457622,0.0,0.0,0.0,0.0,0
0,0.0,0.0,0.0,0.0,0.07385909124610163,0.0,0.0,1.0,0.0,0
0,0.0,0.0,0.0,0.0,0.05539431843457622,0.0,0.0,0.0,0.0,1
0,0.0,0.0,0.0,0.0,0.07385909124610163,0.0,1.0,0.0,0.0,0
1,0.0,0.0,0.0,0.0,0.05539431843457622,0.0,0.0,0.0,0.0,0
1,0.0,0.0,1.0,0.0,0.03692954562305081,0.0,0.0,0.0,0.0,0
0,0.0,0.0,0.0,0.0,0.07385909124610163,0.0,1.0,0.0,0.0,1
0,0.0,0.0,0.0,0.0,0.07385909124610163,0.0,0.0,1.0,0.0,0
1,0.0,0.0,0.0,0.0,0.05539431843457622,0.0,0.0,0.0,0.0,0
0,0.0,0.0,0.0,0.0,0.05539431843457622,0.0,0.0,0.0,0.0,1
0,0.0,0.0,1.0,0.0,0.05539431843457622,0.0,0.0,0.0,0.0,0
0,0.0,0.0,0.0,0.0,0.05539431843457622,0.0,0.0,0.0,0.0,1
0,0.0,0.0,0.0,0.0,0.05539431843457622,0.0,0.0,0.0,0.0,1
0,0.0,0.0,0.0,0.0,0.07385909124610163,0.0,0.0,0.0,0.0,0
0,0.0,0.0,0.0,0.0,0.07385909124610163,1.0,0.0,0.0,0.0,0
0,0.0,0.0,0.0,0.0,0.07385909124610163,0.0,0.0,1.0,0.0,1
1,0.0,0.0,0.0,0.0,0.05539431843457622,0.0,0.0,0.0,0.0,0
1,0.0,0.0,0.0,0.0,0.05539431843457622,1.0,0.0,0.0,0.0,1
1,0.0,0.0,0.0,0.0,0.05539431843457622,1.0,0.0,0.0,0.0,0
1,0.0,0.0,0.0,0.0,0.05539431843457622,1.0,0.0,0.0,0.0,0
0,0.0,0.0,0.0,0.0,0.05539431843457622,0.0,0.0,0.0,0.0,1
0,0.0,0.0,0.0,0.0,0.05539431843457622,0.0,0.0,1.0,0.0,0
1,0.0,0.0,1.0,0.0,0.07385909124610163,0.0,1.0,0.0,0.0,0
0,0.0,0.0,1.0,0.0,0.03692954562305081,0.0,0.0,0.0,0.0,1
0,0.0,0.0,0.0,0.0,0.05539431843457622,0.0,0.0,0.0,0.0,1
0,0.0,0.0,0.0,0.0,0.07385909124610163,1.0,1.0,0.0,0.0,0
0,0.0,0.0,0.0,0.0,0.05539431843457622,1.0,0.0,0.0,0.0,0
0,0.0,0.0,0.0,0.0,0.07385909124610163,0.0,0.0,0.0,0.0,0
1,0.0,0.0,0.0,0.0,0.07385909124610163,0.0,0.0,0.0,0.0,0
1,0.0,0.0,0.0,0.0,0.05539431843457622,0.0,0.0,0.0,0.0,0
0,0.0,0.0,1.0,0.0,0.05539431843457622,0.0,0.0,0.0,0.0,1
0,0.0,0.0,0.0,0.0,0.05539431843457622,0.0,0.0,0.0,0.0,0
0,0.0,0.0,0.0,0.0,0.05539431843457622,0.0,0.0,1.0,0.0,1
0,0.0,0.0,0.0,0.0,0.05539431843457622,0.0,0.0,0.0,0.0,1
0,0.0,0.0,0.0,0.0,0.05539431843457622,0.0,0.0,0.0,0.0,0
1,0.0,0.0,0.0,0.0,0.07385909124610163,0.0,0.0,0.0,0.0,0
0,0.0,0.0,0.0,0.0,0.07385909124610163,1.0,0.0,0.0,0.0,0
1,0.0,0.0,0.0,0.0,0.05539431843457622,0.0,0.0,0.0,0.0,0
0,0.0,0.0,0.0,0.0,0.07385909124610163,0.0,0.0,0.0,0.0,1
0,0.0,0.0,0.0,0.0,0.07385909124610163,0.0,0.0,0.0,0.0,1
0,0.0,0.0,0.0,0.0,0.05539431843457622,0.0,0.0,0.0,0.0,0
0,0.0,0.0,0.0,0.0,0.05539431843457622,0.0,0.0,0.0,0.0,0
0,0.0,0.0,0.0,0.0,0.05539431843457622,0.0,1.0,0.0,0.0,0
0,0.0,0.0,0.0,0.0,0.05539431843457622,0.0,0.0,1.0,0.0,0
0,0.0,0.0,0.0,0.0,0.07385909124610163,0.0,1.0,0.0,0.0,1
0,1.0,0.0,0.0,0.0,0.07385909124610163,1.0,0.0,0.0,0.0,0
1,0.0,0.0,0.0,0.0,0.07385909124610163,1.0,0.0,0.0,0.0,0
1,0.0,0.0,0.0,0.0,0.05539431843457622,0.0,0.0,0.0,1.0,0
1,0.0,0.0,0.0,0.0,0.05539431843457622,0.0,1.0,0.0,0.0,0
1,0.0,0.0,0.0,0.0,0.07385909124610163,0.0,1.0,0.0,0.0,0
1,0.0,0.0,1.0,0.0,0.05539431843457622,0.0,0.0,0.0,0.0,0
0,0.0,0.0,0.0,0.0,0.03692954562305081,0.0,0.0,0.0,0.0,1
0,0.0,0.0,0.0,0.0,0.05539431843457622,0.0,0.0,0.0,0.0,1
1,0.0,0.0,0.0,0.0,0.07385909124610163,0.0,0.0,0.0,0.0,0
0,0.0,0.0,0.0,0.0,0.07385909124610163,0.0,0.0,0.0,0.0,1
1,0.0,0.0,0.0,0.0,0.05539431843457622,0.0,1.0,0.0,0.0,0
0,0.0,0.0,0.0,0.0,0.03692954562305081,0.0,0.0,0.0,0.0,0
1,0.0,0.0,0.0,0.0,0.05539431843457622,0.0,0.0,0.0,0.0,1
0,0.0,0.0,0.0,0.0,0.05539431843457622,0.0,1.0,0.0,0.0,0
0,0.0,0.0,0.0,0.0,0.05539431843457622,0.0,0.0,0.0,0.0,0
0,0.0,0.0,1.0,0.0,0.07385909124610163,1.0,0.0,0.0,0.0,0
1,0.0,0.0,0.0,0.0,0.07385909124610163,0.0,0.0,0.0,0.0,0
1,0.0,0.0,1.0,0.0,0.03692954562305081,0.0,0.0,0.0,0.0,0
1,0.0,0.0,0.0,0.0,0.05539431843457622,0.0,0.0,1.0,0.0,0
0,0.0,0.0,0.0,0.0,0.07385909124610163,0.0,0.0,0.0,0.0,0
0,0.0,0.0,0.0,0.0,0.05539431843457622,0.0,0.0,0.0,0.0,0
1,0.0,0.0,0.0,0.0,0.05539431843457622,0.0,0.0,0.0,0.0,1
1,0.0,0.0,0.0,0.0,0.03692954562305081,0.0,0.0,0.0,0.0,1
1,0.0,0.0,0.0,0.0,0.05539431843457622,1.0,0.0,0.0,0.0,0
