PER3APER3BCCAA,PER3APER3BCCAG,PER3APER3BGGGG,PER3APER3BCGGG,PER3APER3BCGAG,BDI
0.0,1.0,0.0,0.0,0.0,1
0.0,0.0,0.0,0.0,0.0,0
0.0,0.0,0.0,0.0,0.0,0
0.0,0.0,0.0,0.0,0.0,0
0.0,0.0,0.0,1.0,0.0,0
0.0,0.0,0.0,1.0,0.0,0
0.0,0.0,0.0,0.0,0.0,1
0.0,0.0,0.0,1.0,0.0,0
0.0,1.0,0.0,0.0,0.0,0
0.0,0.0,0.0,0.0,0.0,0
0.0,1.0,0.0,0.0,0.0,0
0.0,0.0,0.0,0.0,0.0,1
0.0,0.0,0.0,0.0,0.0,1
0.0,0.0,0.0,0.0,0.0,0
0.0,0.0,0.0,0.0,0.0,0
0.0,0.0,0.0,0.0,0.0,0
0.0,0.0,0.0,0.0,0.0,0
0.0,0.0,0.0,0.0,0.0,0
0.0,0.0,0.0,0.0,0.0,0
0.0,0.0,0.0,0.0,0.0,0
0.0,0.0,0.0,1.0,0.0,0
0.0,0.0,0.0,0.0,0.0,0
0.0,0.0,0.0,0.0,0.0,1
0.0,1.0,0.0,0.0,0.0,1
0.0,1.0,0.0,0.0,0.0,0
0.0,0.0,0.0,0.0,0.0,0
0.0,0.0,0.0,0.0,0.0,1
0.0,0.0,0.0,0.0,0.0,1
0.0,1.0,0.0,0.0,0.0,0
0.0,0.0,0.0,0.0,0.0,0
0.0,0.0,0.0,0.0,0.0,1
0.0,0.0,0.0,0.0,0.0,0
0.0,0.0,0.0,0.0,0.0,0
0.0,0.0,0.0,0.0,0.0,0
0.0,0.0,0.0,0.0,0.0,1
0.0,0.0,0.0,0.0,0.0,1
0.0,0.0,0.0,0.0,0.0,1
0.0,0.0,0.0,0.0,0.0,0
0.0,0.0,0.0,0.0,0.0,0
0.0,0.0,0.0,0.0,0.0,0
0.0,0.0,0.0,0.0,0.0,0
0.0,0.0,0.0,0.0,0.0,0
0.0,0.0,0.0,0.0,0.0,0
0.0,0.0,0.0,0.0,0.0,0
0.0,0.0,0.0,0.0,0.0,1
0.0,0.0,0.0,0.0,0.0,0
0.0,0.0,0.0,0.0,0.0,0
0.0,0.0,0.0,0.0,0.0,0
0.0,0.0,0.0,0.0,0.0,0
0.0,1.0,0.0,0.0,0.0,0
0.0,0.0,0.0,0.0,0.0,0
0.0,0.0,0.0,0.0,0.0,0
0.0,0.0,0.0,0.0,0.0,0
0.0,0.0,0.0,0.0,0.0,1
0.0,0.0,0.0,0.0,0.0,0
0.0,0.0,0.0,0.0,0.0,0
0.0,0.0,0.0,0.0,0.0,0
0.0,0.0,0.0,0.0,0.0,0
0.0,0.0,0.0,0.0,0.0,0
0.0,0.0,0.0,0.0,0.0,0
0.0,0.0,0.0,0.0,0.0,1
0.0,0.0,0.0,1.0,0.0,0
0.0,0.0,0.0,0.0,0.0,0
0.0,0.0,0.0,0.0,0.0,1
0.0,0.0,0.0,0.0,0.0,1
0.0,0.0,0.0,1.0,0.0,0
0.0,1.0,0.0,0.0,0.0,0
0.0,1.0,0.0,0.0,0.0,0
0.0,0.0,0.0,0.0,0.0,1
0.0,1.0,0.0,0.0,0.0,0
0.0,0.0,0.0,1.0,0.0,0
0.0,0.0,0.0,0.0,0.0,1
0.0,0.0,0.0,0.0,0.0,1
0.0,0.0,0.0,0.0,0.0,0
0.0,0.0,0.0,0.0,0.0,0
0.0,0.0,0.0,0.0,0.0,1
0.0,0.0,0.0,0.0,0.0,1
0.0,0.0,0.0,0.0,0.0,0
0.0,0.0,0.0,0.0,0.0,0
0.0,0.0,0.0,1.0,0.0,0
0.0,1.0,0.0,0.0,0.0,1
0.0,0.0,0.0,0.0,0.0,0
0.0,0.0,0.0,0.0,0.0,0
0.0,0.0,0.0,0.0,0.0,0
0.0,0.0,0.0,0.0,0.0,0
0.0,0.0,0.0,0.0,0.0,0
0.0,0.0,0.0,0.0,0.0,1
0.0,0.0,0.0,0.0,0.0,0
0.0,0.0,0.0,0.0,0.0,0
0.0,0.0,0.0,0.0,0.0,1
0.0,0.0,1.0,0.0,0.0,0
0.0,0.0,0.0,0.0,0.0,1
0.0,0.0,0.0,0.0,0.0,0
0.0,0.0,0.0,0.0,0.0,1
0.0,1.0,0.0,0.0,0.0,1
0.0,0.0,0.0,0.0,0.0,0
0.0,0.0,0.0,0.0,0.0,0
0.0,0.0,0.0,0.0,0.0,1
0.0,0.0,0.0,0.0,0.0,0
0.0,0.0,0.0,0.0,0.0,0
0.0,0.0,0.0,1.0,0.0,1
0.0,0.0,0.0,0.0,0.0,1
0.0,0.0,0.0,0.0,0.0,1
0.0,0.0,0.0,0.0,0.0,0
0.0,0.0,0.0,0.0,0.0,0
0.0,0.0,0.0,0.0,0.0,1
0.0,0.0,0.0,0.0,0.0,1
0.0,0.0,0.0,0.0,0.0,0
0.0,0.0,0.0,0.0,0.0,0
0.0,0.0,0.0,1.0,0.0,0
0.0,0.0,0.0,0.0,0.0,0
0.0,0.0,0.0,1.0,0.0,1
0.0,0.0,0.0,0.0,0.0,1
0.0,0.0,0.0,0.0,0.0,1
0.0,0.0,0.0,0.0,0.0,0
0.0,1.0,0.0,0.0,0.0,0
0.0,0.0,0.0,0.0,0.0,1
0.0,0.0,0.0,0.0,0.0,1
0.0,0.0,0.0,0.0,0.0,0
0.0,0.0,0.0,0.0,0.0,1
0.0,1.0,0.0,0.0,0.0,1
0.0,1.0,0.0,0.0,0.0,0
0.0,0.0,0.0,0.0,0.0,0
0.0,0.0,0.0,0.0,0.0,0
0.0,0.0,0.0,0.0,0.0,0
0.0,0.0,0.0,1.0,0.0,0
0.0,0.0,0.0,0.0,0.0,0
0.0,1.0,0.0,0.0,0.0,0
0.0,0.0,0.0,0.0,0.0,0
0.0,0.0,0.0,0.0,0.0,1
0.0,1.0,0.0,0.0,0.0,0
1.0,0.0,0.0,0.0,0.0,0
0.0,1.0,0.0,0.0,0.0,0
0.0,1.0,0.0,0.0,0.0,1
0.0,0.0,0.0,0.0,0.0,0
1.0,0.0,0.0,0.0,0.0,1
0.0,0.0,0.0,0.0,0.0,0
0.0,0.0,0.0,1.0,0.0,0
0.0,0.0,0.0,0.0,0.0,0
0.0,0.0,0.0,1.0,0.0,0
0.0,0.0,0.0,0.0,0.0,1
0.0,0.0,0.0,0.0,0.0,0
0.0,0.0,0.0,0.0,0.0,0
0.0,0.0,0.0,0.0,0.0,0
0.0,0.0,0.0,0.0,0.0,0
0.0,0.0,0.0,0.0,0.0,0
0.0,0.0,0.0,0.0,0.0,0
0.0,0.0,0.0,0.0,0.0,0
0.0,0.0,0.0,0.0,0.0,0
0.0,0.0,0.0,0.0,0.0,0
0.0,0.0,0.0,0.0,0.0,0
0.0,0.0,0.0,1.0,0.0,1
0.0,0.0,0.0,0.0,0.0,0
0.0,0.0,0.0,0.0,0.0,0
0.0,0.0,0.0,0.0,0.0,0
0.0,0.0,0.0,0.0,0.0,1
0.0,0.0,0.0,0.0,0.0,1
0.0,0.0,0.0,0.0,0.0,1
0.0,0.0,0.0,0.0,0.0,0
0.0,0.0,0.0,0.0,0.0,0
0.0,0.0,0.0,0.0,0.0,0
0.0,1.0,0.0,0.0,0.0,1
0.0,0.0,0.0,0.0,0.0,0
0.0,0.0,0.0,0.0,0.0,0
0.0,0.0,0.0,1.0,0.0,1
0.0,0.0,0.0,1.0,0.0,0
0.0,0.0,0.0,0.0,0.0,1
0.0,1.0,0.0,0.0,0.0,0
0.0,0.0,0.0,0.0,0.0,0
0.0,0.0,0.0,0.0,0.0,0
0.0,0.0,0.0,0.0,0.0,0
0.0,0.0,0.0,0.0,0.0,1
0.0,0.0,0.0,0.0,0.0,0
0.0,1.0,0.0,0.0,0.0,1
0.0,0.0,0.0,1.0,0.0,0
0.0,0.0,0.0,0.0,0.0,1
0.0,0.0,0.0,0.0,0.0,0
0.0,1.0,0.0,0.0,0.0,0
0.0,0.0,0.0,0.0,0.0,0
0.0,0.0,0.0,0.0,0.0,0
0.0,0.0,0.0,0.0,0.0,1
0.0,0.0,0.0,1.0,0.0,1
0.0,0.0,0.0,0.0,0.0,1
0.0,0.0,0.0,0.0,0.0,1
0.0,0.0,0.0,0.0,0.0,0
0.0,1.0,0.0,0.0,0.0,0
0.0,0.0,0.0,0.0,0.0,0
0.0,0.0,0.0,0.0,0.0,1
0.0,0.0,0.0,1.0,0.0,0
0.0,0.0,0.0,0.0,0.0,0
0.0,0.0,0.0,0.0,0.0,0
0.0,0.0,0.0,0.0,1.0,1
0.0,0.0,0.0,0.0,0.0,0
0.0,0.0,0.0,0.0,0.0,0
0.0,1.0,0.0,0.0,0.0,1
0.0,0.0,0.0,0.0,0.0,0
0.0,0.0,0.0,0.0,0.0,1
0.0,0.0,0.0,0.0,0.0,1
0.0,0.0,0.0,0.0,0.0,0
0.0,0.0,0.0,1.0,0.0,0
0.0,0.0,0.0,0.0,0.0,1
0.0,0.0,0.0,0.0,0.0,0
0.0,0.0,0.0,0.0,0.0,1
0.0,0.0,0.0,1.0,0.0,0
0.0,0.0,0.0,0.0,0.0,0
0.0,0.0,0.0,0.0,0.0,1
0.0,0.0,0.0,0.0,0.0,0
0.0,0.0,0.0,1.0,0.0,0
0.0,0.0,0.0,0.0,0.0,1
0.0,1.0,0.0,0.0,0.0,1
0.0,0.0,0.0,0.0,1.0,0
0.0,0.0,0.0,0.0,0.0,0
0.0,1.0,0.0,0.0,0.0,0
0.0,0.0,0.0,0.0,0.0,0
0.0,0.0,0.0,0.0,0.0,0
0.0,0.0,0.0,0.0,0.0,1
0.0,0.0,0.0,0.0,0.0,0
0.0,0.0,0.0,0.0,0.0,1
0.0,0.0,0.0,0.0,0.0,1
0.0,0.0,0.0,0.0,0.0,0
0.0,0.0,0.0,0.0,0.0,0
0.0,0.0,0.0,0.0,0.0,0
0.0,1.0,0.0,0.0,0.0,0
0.0,0.0,0.0,0.0,0.0,1
0.0,0.0,0.0,0.0,0.0,1
0.0,0.0,0.0,0.0,0.0,0
0.0,0.0,0.0,0.0,0.0,0
0.0,0.0,0.0,1.0,0.0,0
0.0,0.0,0.0,0.0,0.0,0
0.0,0.0,0.0,1.0,0.0,1
0.0,0.0,0.0,0.0,0.0,0
0.0,0.0,0.0,0.0,0.0,0
1.0,0.0,0.0,0.0,0.0,0
0.0,0.0,0.0,1.0,0.0,0
0.0,0.0,0.0,1.0,0.0,0
0.0,0.0,0.0,0.0,0.0,0
0.0,0.0,0.0,0.0,0.0,1
0.0,1.0,0.0,0.0,0.0,1
0.0,0.0,0.0,0.0,0.0,0
0.0,0.0,0.0,0.0,0.0,1
0.0,0.0,0.0,1.0,0.0,0
0.0,0.0,0.0,1.0,0.0,0
0.0,0.0,0.0,0.0,0.0,1
0.0,0.0,0.0,1.0,0.0,0
0.0,0.0,0.0,0.0,0.0,0
0.0,0.0,0.0,1.0,0.0,0
0.0,0.0,0.0,0.0,0.0,0
0.0,0.0,0.0,0.0,0.0,0
0.0,0.0,0.0,0.0,0.0,0
0.0,0.0,0.0,0.0,0.0,0
0.0,0.0,0.0,1.0,0.0,0
0.0,0.0,0.0,0.0,0.0,1
0.0,0.0,0.0,0.0,0.0,1
0.0,0.0,0.0,0.0,0.0,0
