PER3BAG,PER3BAA,CRY2AA,CLOCK3111CC,CRY2GG,PER2GG,CRY1GG,PER2AA,PER3CGT,AGE,STAI
0.0,0.0,1.0,0.0,0.0,0.0,0.0,0.0,1.0,1,0
0.0,0.0,0.0,1.0,0.0,0.0,0.0,0.0,1.0,1,0
0.0,0.0,0.0,0.0,0.0,1.0,0.0,0.0,1.0,1,1
1.0,0.0,0.0,0.0,0.0,0.0,0.0,0.0,1.0,1,1
0.0,0.0,0.0,0.0,0.0,1.0,0.0,0.0,1.0,1,1
1.0,0.0,0.0,0.0,0.0,1.0,1.0,0.0,0.0,1,1
0.0,0.0,0.0,0.0,1.0,1.0,0.0,0.0,0.0,1,1
0.0,0.0,0.0,0.0,0.0,1.0,0.0,0.0,0.0,1,0
0.0,0.0,1.0,0.0,0.0,0.0,0.0,0.0,1.0,1,0
0.0,0.0,0.0,1.0,1.0,0.0,0.0,0.0,0.0,1,0
0.0,0.0,0.0,0.0,0.0,0.0,1.0,0.0,0.0,1,0
0.0,0.0,1.0,0.0,0.0,0.0,1.0,1.0,0.0,1,1
0.0,0.0,0.0,0.0,0.0,1.0,0.0,0.0,0.0,1,0
0.0,0.0,0.0,0.0,0.0,0.0,1.0,0.0,1.0,1,0
0.0,0.0,1.0,0.0,0.0,1.0,1.0,0.0,0.0,1,0
0.0,0.0,0.0,0.0,1.0,1.0,1.0,0.0,0.0,1,1
1.0,0.0,1.0,0.0,0.0,0.0,0.0,0.0,0.0,1,0
1.0,0.0,0.0,0.0,1.0,0.0,1.0,0.0,0.0,1,1
0.0,0.0,0.0,0.0,1.0,0.0,0.0,1.0,1.0,0,1
0.0,0.0,0.0,0.0,1.0,1.0,0.0,0.0,1.0,1,1
0.0,0.0,0.0,0.0,0.0,1.0,0.0,0.0,0.0,1,1
0.0,0.0,0.0,0.0,1.0,1.0,0.0,0.0,1.0,1,1
0.0,0.0,1.0,0.0,0.0,0.0,0.0,0.0,0.0,0,0
0.0,0.0,0.0,0.0,1.0,0.0,0.0,0.0,0.0,0,1
0.0,0.0,0.0,0.0,0.0,0.0,1.0,1.0,0.0,0,0
0.0,0.0,1.0,0.0,0.0,0.0,1.0,0.0,0.0,0,0
0.0,0.0,0.0,0.0,0.0,0.0,0.0,0.0,0.0,1,0
0.0,0.0,0.0,0.0,0.0,1.0,0.0,0.0,1.0,1,0
0.0,0.0,0.0,0.0,0.0,1.0,0.0,0.0,1.0,1,1
0.0,0.0,0.0,0.0,0.0,1.0,0.0,0.0,1.0,1,0
0.0,0.0,0.0,1.0,0.0,0.0,1.0,0.0,0.0,0,1
0.0,0.0,1.0,0.0,0.0,0.0,1.0,0.0,1.0,1,0
0.0,0.0,1.0,0.0,0.0,1.0,1.0,0.0,1.0,1,1
0.0,0.0,0.0,0.0,0.0,0.0,1.0,1.0,0.0,1,1
0.0,0.0,0.0,0.0,1.0,0.0,1.0,0.0,1.0,1,1
0.0,0.0,0.0,0.0,1.0,0.0,0.0,1.0,0.0,1,0
0.0,0.0,0.0,0.0,1.0,0.0,0.0,0.0,0.0,1,1
0.0,0.0,1.0,0.0,0.0,0.0,0.0,0.0,0.0,1,1
0.0,0.0,0.0,0.0,1.0,1.0,0.0,0.0,0.0,1,1
1.0,0.0,0.0,0.0,1.0,0.0,0.0,1.0,0.0,1,1
0.0,0.0,0.0,0.0,0.0,1.0,0.0,0.0,0.0,1,1
0.0,1.0,0.0,0.0,0.0,1.0,1.0,0.0,0.0,1,1
0.0,0.0,0.0,0.0,1.0,1.0,0.0,0.0,0.0,1,1
0.0,0.0,1.0,0.0,0.0,0.0,0.0,0.0,1.0,1,1
0.0,0.0,0.0,0.0,0.0,1.0,1.0,0.0,0.0,1,1
0.0,0.0,1.0,0.0,0.0,0.0,1.0,0.0,0.0,1,1
0.0,0.0,1.0,0.0,0.0,1.0,0.0,0.0,1.0,1,0
0.0,0.0,1.0,0.0,0.0,1.0,0.0,0.0,0.0,1,0
0.0,0.0,0.0,0.0,1.0,0.0,0.0,1.0,1.0,1,1
0.0,0.0,0.0,0.0,1.0,0.0,0.0,0.0,0.0,1,1
0.0,0.0,1.0,0.0,0.0,1.0,1.0,0.0,0.0,1,1
0.0,0.0,0.0,0.0,1.0,0.0,0.0,0.0,1.0,1,1
0.0,0.0,1.0,0.0,0.0,1.0,0.0,0.0,0.0,1,0
0.0,0.0,0.0,0.0,1.0,0.0,1.0,0.0,1.0,1,0
1.0,0.0,0.0,0.0,0.0,0.0,0.0,0.0,0.0,1,1
0.0,0.0,0.0,0.0,1.0,1.0,0.0,0.0,0.0,1,0
1.0,0.0,0.0,0.0,0.0,0.0,0.0,0.0,0.0,1,1
1.0,0.0,0.0,0.0,1.0,0.0,1.0,0.0,0.0,1,1
0.0,0.0,0.0,0.0,0.0,1.0,1.0,0.0,0.0,1,1
0.0,0.0,0.0,0.0,1.0,1.0,1.0,0.0,0.0,1,1
0.0,0.0,1.0,1.0,0.0,0.0,0.0,0.0,0.0,1,0
0.0,0.0,0.0,0.0,1.0,0.0,0.0,1.0,0.0,1,0
0.0,0.0,0.0,0.0,1.0,1.0,0.0,0.0,1.0,1,1
0.0,0.0,1.0,0.0,0.0,1.0,1.0,0.0,1.0,1,1
0.0,0.0,1.0,0.0,0.0,0.0,0.0,1.0,1.0,1,0
0.0,0.0,0.0,0.0,0.0,0.0,0.0,0.0,1.0,1,0
0.0,0.0,0.0,0.0,1.0,0.0,1.0,0.0,0.0,1,1
0.0,0.0,0.0,0.0,0.0,1.0,0.0,0.0,0.0,1,1
0.0,0.0,1.0,0.0,0.0,0.0,0.0,0.0,0.0,1,0
0.0,0.0,0.0,0.0,1.0,0.0,0.0,1.0,0.0,1,1
1.0,0.0,1.0,0.0,0.0,1.0,0.0,0.0,0.0,1,1
0.0,0.0,1.0,0.0,0.0,1.0,1.0,0.0,0.0,1,0
0.0,1.0,0.0,0.0,0.0,0.0,0.0,0.0,0.0,1,1
0.0,0.0,0.0,0.0,1.0,0.0,0.0,0.0,0.0,1,1
0.0,0.0,0.0,1.0,0.0,0.0,0.0,0.0,0.0,1,1
0.0,0.0,0.0,1.0,1.0,0.0,1.0,0.0,0.0,1,0
0.0,0.0,0.0,0.0,0.0,0.0,1.0,1.0,1.0,1,1
0.0,0.0,0.0,0.0,1.0,0.0,0.0,0.0,0.0,1,1
0.0,0.0,1.0,0.0,0.0,1.0,1.0,0.0,0.0,1,1
0.0,0.0,0.0,0.0,0.0,0.0,0.0,0.0,0.0,1,0
0.0,0.0,0.0,0.0,1.0,1.0,1.0,0.0,1.0,1,1
0.0,0.0,0.0,0.0,1.0,0.0,0.0,0.0,1.0,1,1
0.0,0.0,0.0,0.0,0.0,0.0,0.0,0.0,0.0,1,1
0.0,0.0,0.0,0.0,0.0,1.0,1.0,0.0,0.0,1,1
0.0,0.0,1.0,0.0,0.0,0.0,0.0,0.0,0.0,1,1
